year,Sea_Level_mm,Region
2019,-0.1440540540540453,Pacific Ocean
2019,1.185945945945953,Pacific Ocean
2019,-3.08405405405405,Pacific Ocean
2019,0.6559459459459518,Pacific Ocean
2019,0.6059459459459546,Pacific Ocean
2019,-0.7640540540540499,Pacific Ocean
2019,1.1059459459459546,Pacific Ocean
2019,4.105945945945955,Pacific Ocean
2019,0.465945945945954,Pacific Ocean
2019,1.6459459459459538,Pacific Ocean
2019,-2.6240540540540493,Pacific Ocean
2019,1.185945945945953,Pacific Ocean
2019,0.3859459459459557,Pacific Ocean
2019,-0.5340540540540459,Pacific Ocean
2019,-3.814054054054047,Pacific Ocean
2019,-10.33405405405405,Pacific Ocean
2019,2.105945945945954,Pacific Ocean
2019,3.815945945945949,Pacific Ocean
2019,6.005945945945946,Pacific Ocean
2019,1.0259459459459492,Pacific Ocean
2019,-3.674054054054048,Pacific Ocean
2019,-0.8540540540540462,Pacific Ocean
2019,4.245945945945955,Pacific Ocean
2019,7.475945945945959,Pacific Ocean
2019,8.175945945945948,Pacific Ocean
2019,9.385945945945956,Pacific Ocean
2019,-0.5740540540540451,Pacific Ocean
2019,-4.984054054054049,Pacific Ocean
2019,-4.754054054054045,Pacific Ocean
2019,-5.604054054054046,Pacific Ocean
2019,-8.064054054054047,Pacific Ocean
2019,-2.6740540540540465,Pacific Ocean
2019,-3.684054054054045,Pacific Ocean
2019,-2.324054054054045,Pacific Ocean
2019,2.745945945945955,Pacific Ocean
2019,0.6859459459459529,Pacific Ocean
2019,1.475945945945952,Pacific Ocean
2020,0.3759459459459506,Pacific Ocean
2020,-8.90405405405405,Pacific Ocean
2020,-4.604054054054046,Pacific Ocean
2020,6.995945945945955,Pacific Ocean
2020,1.8659459459459529,Pacific Ocean
2020,-2.274054054054048,Pacific Ocean
2020,-3.1840540540540445,Pacific Ocean
2020,-4.1640540540540485,Pacific Ocean
2020,-1.6140540540540442,Pacific Ocean
2020,-0.1340540540540473,Pacific Ocean
2020,0.3659459459459526,Pacific Ocean
2020,-2.034054054054046,Pacific Ocean
2020,7.845945945945949,Pacific Ocean
2020,15.995945945945955,Pacific Ocean
2020,13.995945945945955,Pacific Ocean
2020,6.655945945945952,Pacific Ocean
2020,-2.104054054054046,Pacific Ocean
2020,-2.454054054054048,Pacific Ocean
2020,-0.3740540540540493,Pacific Ocean
2020,2.145945945945954,Pacific Ocean
2020,0.7459459459459552,Pacific Ocean
2020,-7.4240540540540465,Pacific Ocean
2020,-4.4040540540540505,Pacific Ocean
2020,-2.054054054054049,Pacific Ocean
2020,0.6759459459459549,Pacific Ocean
2020,3.8259459459459535,Pacific Ocean
2020,5.905945945945952,Pacific Ocean
2020,2.3359459459459515,Pacific Ocean
2020,-0.4940540540540468,Pacific Ocean
2020,1.7459459459459552,Pacific Ocean
2020,1.7759459459459492,Pacific Ocean
2020,-0.7340540540540488,Pacific Ocean
2020,-7.124054054054049,Pacific Ocean
2020,2.0359459459459543,Pacific Ocean
2020,4.3059459459459575,Pacific Ocean
2020,-6.1640540540540485,Pacific Ocean
2020,-4.6840540540540445,Pacific Ocean
2021,1.4059459459459518,Pacific Ocean
2021,1.6459459459459538,Pacific Ocean
2021,1.905945945945952,Pacific Ocean
2021,2.135945945945956,Pacific Ocean
2021,1.705945945945949,Pacific Ocean
2021,-2.094054054054048,Pacific Ocean
2021,-1.4140540540540485,Pacific Ocean
2021,-3.9740540540540494,Pacific Ocean
2021,-3.364054054054044,Pacific Ocean
2021,-2.324054054054045,Pacific Ocean
2021,-0.9240540540540464,Pacific Ocean
2021,2.5659459459459484,Pacific Ocean
2021,-0.8640540540540442,Pacific Ocean
2021,6.205945945945949,Pacific Ocean
2021,10.275945945945956,Pacific Ocean
2021,7.855945945945955,Pacific Ocean
2021,4.715945945945954,Pacific Ocean
2021,-0.3640540540540442,Pacific Ocean
2021,-1.6140540540540442,Pacific Ocean
2021,1.6359459459459558,Pacific Ocean
2021,12.12594594594595,Pacific Ocean
2021,16.825945945945953,Pacific Ocean
2021,7.935945945945953,Pacific Ocean
2021,9.495945945945955,Pacific Ocean
2021,6.925945945945948,Pacific Ocean
2021,8.655945945945952,Pacific Ocean
2021,4.035945945945947,Pacific Ocean
2021,2.98594594594595,Pacific Ocean
2021,0.4459459459459509,Pacific Ocean
2021,-0.544054054054051,Pacific Ocean
2021,6.265945945945951,Pacific Ocean
2021,14.155945945945952,Pacific Ocean
2021,8.505945945945946,Pacific Ocean
2021,11.415945945945955,Pacific Ocean
2021,13.305945945945956,Pacific Ocean
2021,6.525945945945956,Pacific Ocean
2021,3.115945945945945,Pacific Ocean
2021,8.59594594594595,Pacific Ocean
2021,12.075945945945952,Pacific Ocean
2021,10.785945945945947,Pacific Ocean
2021,6.205945945945949,Pacific Ocean
2021,5.145945945945947,Pacific Ocean
2021,2.965945945945954,Pacific Ocean
2021,2.665945945945957,Pacific Ocean
2021,6.385945945945956,Pacific Ocean
2021,6.025945945945956,Pacific Ocean
2021,6.045945945945952,Pacific Ocean
2021,-1.6340540540540474,Pacific Ocean
2021,0.4059459459459518,Pacific Ocean
2021,7.505945945945946,Pacific Ocean
2021,5.185945945945953,Pacific Ocean
2021,1.6259459459459509,Pacific Ocean
2022,-1.1940540540540496,Pacific Ocean
2022,2.525945945945949,Pacific Ocean
2022,7.495945945945955,Pacific Ocean
2022,6.605945945945955,Pacific Ocean
2022,1.695945945945951,Pacific Ocean
2022,2.6459459459459467,Pacific Ocean
2022,12.08594594594596,Pacific Ocean
2022,11.815945945945948,Pacific Ocean
2022,0.1459459459459537,Pacific Ocean
2022,-1.6340540540540474,Pacific Ocean
2022,5.395945945945947,Pacific Ocean
2022,6.695945945945958,Pacific Ocean
2022,8.555945945945957,Pacific Ocean
2022,14.73594594594595,Pacific Ocean
2022,-6.134054054054047,Pacific Ocean
2022,15.605945945945956,Pacific Ocean
2022,6.835945945945959,Pacific Ocean
2022,9.885945945945956,Pacific Ocean
2022,11.495945945945955,Pacific Ocean
2022,10.365945945945946,Pacific Ocean
2022,1.4159459459459498,Pacific Ocean
2022,0.975945945945952,Pacific Ocean
2022,6.775945945945956,Pacific Ocean
2022,6.755945945945946,Pacific Ocean
2022,1.23594594594595,Pacific Ocean
2022,-2.324054054054045,Pacific Ocean
2022,-6.024054054054048,Pacific Ocean
2022,-5.244054054054047,Pacific Ocean
2022,-1.8940540540540447,Pacific Ocean
2022,1.7959459459459524,Pacific Ocean
2022,1.3459459459459495,Pacific Ocean
2022,4.625945945945951,Pacific Ocean
2022,11.73594594594595,Pacific Ocean
2022,13.165945945945955,Pacific Ocean
2022,8.945945945945958,Pacific Ocean
2022,6.565945945945948,Pacific Ocean
2022,1.6559459459459518,Pacific Ocean
2022,-1.824054054054045,Pacific Ocean
2022,2.1259459459459507,Pacific Ocean
2022,3.445945945945958,Pacific Ocean
2022,1.0459459459459524,Pacific Ocean
2022,3.725945945945959,Pacific Ocean
2022,5.5959459459459495,Pacific Ocean
2022,7.665945945945957,Pacific Ocean
2022,12.825945945945952,Pacific Ocean
2022,14.215945945945954,Pacific Ocean
2022,8.865945945945946,Pacific Ocean
2022,7.675945945945948,Pacific Ocean
2022,5.73594594594595,Pacific Ocean
2022,5.795945945945952,Pacific Ocean
2022,5.625945945945951,Pacific Ocean
2022,7.545945945945952,Pacific Ocean
2022,7.995945945945955,Pacific Ocean
2022,7.135945945945956,Pacific Ocean
2022,2.2859459459459543,Pacific Ocean
2022,1.0259459459459492,Pacific Ocean
2022,3.23594594594595,Pacific Ocean
2022,-0.8340540540540502,Pacific Ocean
2022,-4.344054054054048,Pacific Ocean
2022,-6.964054054054046,Pacific Ocean
2022,0.7959459459459524,Pacific Ocean
2022,-1.314054054054047,Pacific Ocean
2022,2.3759459459459507,Pacific Ocean
2022,0.2359459459459501,Pacific Ocean
2022,3.23594594594595,Pacific Ocean
2022,2.605945945945954,Pacific Ocean
2022,15.655945945945952,Pacific Ocean
2022,19.405945945945952,Pacific Ocean
2023,11.605945945945956,Pacific Ocean
2023,9.245945945945955,Pacific Ocean
2023,14.59594594594595,Pacific Ocean
2023,14.185945945945951,Pacific Ocean
2023,8.535945945945947,Pacific Ocean
2023,6.535945945945947,Pacific Ocean
2023,10.075945945945952,Pacific Ocean
2023,9.98594594594595,Pacific Ocean
2023,15.635945945945956,Pacific Ocean
2023,20.245945945945955,Pacific Ocean
2023,18.96594594594596,Pacific Ocean
2023,17.325945945945953,Pacific Ocean
2023,6.98594594594595,Pacific Ocean
2023,5.535945945945947,Pacific Ocean
2023,5.8259459459459535,Pacific Ocean
2023,6.475945945945959,Pacific Ocean
2023,4.785945945945947,Pacific Ocean
2023,1.0459459459459524,Pacific Ocean
2023,-2.33405405405405,Pacific Ocean
2023,-2.044054054054051,Pacific Ocean
2023,5.525945945945956,Pacific Ocean
2023,8.97594594594596,Pacific Ocean
2023,12.055945945945956,Pacific Ocean
2023,13.605945945945956,Pacific Ocean
2023,14.685945945945951,Pacific Ocean
2023,17.425945945945948,Pacific Ocean
2023,15.285945945945947,Pacific Ocean
2023,15.915945945945955,Pacific Ocean
2023,14.715945945945954,Pacific Ocean
2023,13.965945945945954,Pacific Ocean
2023,9.935945945945951,Pacific Ocean
2023,8.765945945945951,Pacific Ocean
2023,6.3459459459459495,Pacific Ocean
2023,5.425945945945948,Pacific Ocean
2023,3.73594594594595,Pacific Ocean
2023,6.135945945945956,Pacific Ocean
2023,7.555945945945957,Pacific Ocean
2023,7.355945945945955,Pacific Ocean
2023,15.025945945945956,Pacific Ocean
2023,14.785945945945947,Pacific Ocean
2023,19.63594594594596,Pacific Ocean
2023,19.68594594594596,Pacific Ocean
2023,19.44594594594596,Pacific Ocean
2023,18.19594594594596,Pacific Ocean
2023,13.435945945945951,Pacific Ocean
2023,14.385945945945956,Pacific Ocean
2023,14.695945945945958,Pacific Ocean
2023,16.185945945945953,Pacific Ocean
2023,16.185945945945953,Pacific Ocean
2023,19.16594594594596,Pacific Ocean
2023,19.95594594594595,Pacific Ocean
2023,21.43594594594596,Pacific Ocean
2023,24.755945945945943,Pacific Ocean
2023,26.94594594594596,Pacific Ocean
2023,19.785945945945947,Pacific Ocean
2023,17.605945945945955,Pacific Ocean
2023,15.715945945945954,Pacific Ocean
2023,16.495945945945955,Pacific Ocean
2023,25.72594594594596,Pacific Ocean
2023,23.71594594594596,Pacific Ocean
2023,14.84594594594595,Pacific Ocean
2023,13.83594594594596,Pacific Ocean
2023,16.715945945945954,Pacific Ocean
2023,18.405945945945952,Pacific Ocean
2023,19.745945945945955,Pacific Ocean
2023,18.08594594594596,Pacific Ocean
2023,12.575945945945952,Pacific Ocean
2023,13.23594594594595,Pacific Ocean
2023,19.93594594594596,Pacific Ocean
2023,21.105945945945955,Pacific Ocean
2023,19.97594594594596,Pacific Ocean
2023,19.855945945945955,Pacific Ocean
2023,17.87594594594595,Pacific Ocean
2023,17.45594594594595,Pacific Ocean
2019,-13.76000000000002,Atlantic Ocean
2019,-2.860000000000028,Atlantic Ocean
2019,-1.180000000000021,Atlantic Ocean
2019,-4.250000000000014,Atlantic Ocean
2019,-1.0800000000000267,Atlantic Ocean
2019,8.689999999999984,Atlantic Ocean
2019,-6.200000000000024,Atlantic Ocean
2019,-7.820000000000022,Atlantic Ocean
2019,-2.680000000000021,Atlantic Ocean
2019,-4.990000000000023,Atlantic Ocean
2019,1.4999999999999858,Atlantic Ocean
2019,-2.8300000000000267,Atlantic Ocean
2019,4.719999999999985,Atlantic Ocean
2019,4.189999999999984,Atlantic Ocean
2019,5.549999999999983,Atlantic Ocean
2019,2.869999999999976,Atlantic Ocean
2019,-3.250000000000014,Atlantic Ocean
2019,-0.6300000000000239,Atlantic Ocean
2019,5.079999999999984,Atlantic Ocean
2019,-0.160000000000025,Atlantic Ocean
2019,3.5099999999999767,Atlantic Ocean
2019,-7.320000000000022,Atlantic Ocean
2019,-3.6000000000000227,Atlantic Ocean
2019,-5.070000000000022,Atlantic Ocean
2019,-3.9900000000000233,Atlantic Ocean
2019,-10.97000000000002,Atlantic Ocean
2019,3.4399999999999835,Atlantic Ocean
2019,4.189999999999984,Atlantic Ocean
2019,9.009999999999977,Atlantic Ocean
2019,0.2899999999999778,Atlantic Ocean
2019,4.119999999999976,Atlantic Ocean
2019,10.549999999999985,Atlantic Ocean
2019,13.369999999999976,Atlantic Ocean
2019,6.329999999999984,Atlantic Ocean
2019,-2.860000000000028,Atlantic Ocean
2019,1.6599999999999824,Atlantic Ocean
2019,-3.5700000000000216,Atlantic Ocean
2020,-3.5400000000000205,Atlantic Ocean
2020,8.309999999999974,Atlantic Ocean
2020,3.649999999999977,Atlantic Ocean
2020,-8.810000000000024,Atlantic Ocean
2020,-0.8800000000000239,Atlantic Ocean
2020,2.9699999999999847,Atlantic Ocean
2020,9.73999999999998,Atlantic Ocean
2020,0.0999999999999801,Atlantic Ocean
2020,3.839999999999975,Atlantic Ocean
2020,1.0099999999999767,Atlantic Ocean
2020,-4.260000000000019,Atlantic Ocean
2020,-2.990000000000024,Atlantic Ocean
2020,-10.240000000000023,Atlantic Ocean
2020,-23.600000000000023,Atlantic Ocean
2020,-2.890000000000015,Atlantic Ocean
2020,1.569999999999979,Atlantic Ocean
2020,-4.720000000000027,Atlantic Ocean
2020,2.879999999999981,Atlantic Ocean
2020,-6.620000000000019,Atlantic Ocean
2020,0.4499999999999744,Atlantic Ocean
2020,3.129999999999981,Atlantic Ocean
2020,7.619999999999976,Atlantic Ocean
2020,0.079999999999984,Atlantic Ocean
2020,0.6199999999999761,Atlantic Ocean
2020,4.929999999999978,Atlantic Ocean
2020,-9.79000000000002,Atlantic Ocean
2020,-13.58000000000002,Atlantic Ocean
2020,-8.11000000000002,Atlantic Ocean
2020,-5.550000000000026,Atlantic Ocean
2020,-5.030000000000015,Atlantic Ocean
2020,-3.15000000000002,Atlantic Ocean
2020,9.679999999999978,Atlantic Ocean
2020,3.6999999999999744,Atlantic Ocean
2020,-3.860000000000028,Atlantic Ocean
2020,-7.500000000000021,Atlantic Ocean
2020,-0.7900000000000205,Atlantic Ocean
2020,0.9699999999999848,Atlantic Ocean
2021,-10.850000000000025,Atlantic Ocean
2021,-5.940000000000019,Atlantic Ocean
2021,-5.330000000000027,Atlantic Ocean
2021,2.769999999999982,Atlantic Ocean
2021,10.149999999999975,Atlantic Ocean
2021,7.129999999999981,Atlantic Ocean
2021,9.48999999999998,Atlantic Ocean
2021,2.729999999999976,Atlantic Ocean
2021,0.2199999999999846,Atlantic Ocean
2021,-1.2700000000000244,Atlantic Ocean
2021,-0.6000000000000227,Atlantic Ocean
2021,1.0199999999999818,Atlantic Ocean
2021,-0.7600000000000193,Atlantic Ocean
2021,-3.3300000000000267,Atlantic Ocean
2021,-4.690000000000026,Atlantic Ocean
2021,3.4299999999999784,Atlantic Ocean
2021,8.869999999999976,Atlantic Ocean
2021,6.919999999999973,Atlantic Ocean
2021,9.149999999999975,Atlantic Ocean
2021,6.409999999999982,Atlantic Ocean
2021,10.669999999999972,Atlantic Ocean
2021,-3.220000000000028,Atlantic Ocean
2021,-5.490000000000023,Atlantic Ocean
2021,8.509999999999977,Atlantic Ocean
2021,9.559999999999974,Atlantic Ocean
2021,10.56999999999998,Atlantic Ocean
2021,-4.920000000000016,Atlantic Ocean
2021,-5.520000000000024,Atlantic Ocean
2021,2.6599999999999824,Atlantic Ocean
2021,3.299999999999983,Atlantic Ocean
2021,7.039999999999978,Atlantic Ocean
2021,12.48999999999998,Atlantic Ocean
2021,6.499999999999986,Atlantic Ocean
2021,-1.7500000000000142,Atlantic Ocean
2021,-6.450000000000024,Atlantic Ocean
2021,-7.410000000000018,Atlantic Ocean
2021,-4.680000000000021,Atlantic Ocean
2021,-5.160000000000025,Atlantic Ocean
2021,-0.5500000000000256,Atlantic Ocean
2021,14.659999999999982,Atlantic Ocean
2021,19.909999999999982,Atlantic Ocean
2021,12.45999999999998,Atlantic Ocean
2021,7.519999999999982,Atlantic Ocean
2021,11.619999999999976,Atlantic Ocean
2021,20.619999999999976,Atlantic Ocean
2021,21.06999999999998,Atlantic Ocean
2021,12.45999999999998,Atlantic Ocean
2021,13.529999999999973,Atlantic Ocean
2021,6.609999999999985,Atlantic Ocean
2022,10.219999999999985,Atlantic Ocean
2022,6.619999999999976,Atlantic Ocean
2022,3.7399999999999807,Atlantic Ocean
2022,1.829999999999984,Atlantic Ocean
2022,7.449999999999974,Atlantic Ocean
2022,-6.430000000000021,Atlantic Ocean
2022,-5.5600000000000165,Atlantic Ocean
2022,4.799999999999983,Atlantic Ocean
2022,4.359999999999985,Atlantic Ocean
2022,6.589999999999975,Atlantic Ocean
2022,7.299999999999983,Atlantic Ocean
2022,4.089999999999975,Atlantic Ocean
2022,0.8899999999999721,Atlantic Ocean
2022,-5.120000000000019,Atlantic Ocean
2022,-5.980000000000018,Atlantic Ocean
2022,-5.770000000000024,Atlantic Ocean
2022,-13.44000000000002,Atlantic Ocean
2022,-4.700000000000017,Atlantic Ocean
2022,-1.3400000000000176,Atlantic Ocean
2022,11.979999999999976,Atlantic Ocean
2022,12.669999999999972,Atlantic Ocean
2022,4.269999999999982,Atlantic Ocean
2022,3.799999999999983,Atlantic Ocean
2022,3.649999999999977,Atlantic Ocean
2022,3.4499999999999744,Atlantic Ocean
2022,9.48999999999998,Atlantic Ocean
2022,10.06999999999998,Atlantic Ocean
2022,12.45999999999998,Atlantic Ocean
2022,11.279999999999973,Atlantic Ocean
2022,2.869999999999976,Atlantic Ocean
2022,2.869999999999976,Atlantic Ocean
2022,2.4399999999999835,Atlantic Ocean
2022,2.0299999999999727,Atlantic Ocean
2022,9.579999999999984,Atlantic Ocean
2022,12.079999999999984,Atlantic Ocean
2022,19.939999999999984,Atlantic Ocean
2022,18.189999999999984,Atlantic Ocean
2022,3.619999999999976,Atlantic Ocean
2022,2.889999999999972,Atlantic Ocean
2022,-0.2300000000000182,Atlantic Ocean
2022,-4.340000000000018,Atlantic Ocean
2022,-8.76000000000002,Atlantic Ocean
2022,-7.700000000000024,Atlantic Ocean
2022,-5.670000000000016,Atlantic Ocean
2022,-2.5600000000000165,Atlantic Ocean
2022,5.969999999999985,Atlantic Ocean
2022,5.069999999999979,Atlantic Ocean
2022,3.549999999999983,Atlantic Ocean
2022,3.59999999999998,Atlantic Ocean
2022,0.589999999999975,Atlantic Ocean
2022,-0.5200000000000244,Atlantic Ocean
2022,-0.7100000000000222,Atlantic Ocean
2022,-0.5100000000000193,Atlantic Ocean
2022,2.4899999999999807,Atlantic Ocean
2022,4.659999999999982,Atlantic Ocean
2022,8.199999999999974,Atlantic Ocean
2022,9.039999999999978,Atlantic Ocean
2022,22.519999999999985,Atlantic Ocean
2022,22.859999999999985,Atlantic Ocean
2022,21.31999999999998,Atlantic Ocean
2022,16.389999999999972,Atlantic Ocean
2022,8.729999999999976,Atlantic Ocean
2022,5.469999999999985,Atlantic Ocean
2022,12.329999999999984,Atlantic Ocean
2022,12.669999999999972,Atlantic Ocean
2022,-3.480000000000018,Atlantic Ocean
2022,-2.710000000000022,Atlantic Ocean
2023,7.109999999999985,Atlantic Ocean
2023,10.469999999999985,Atlantic Ocean
2023,5.949999999999974,Atlantic Ocean
2023,4.029999999999973,Atlantic Ocean
2023,3.499999999999986,Atlantic Ocean
2023,5.649999999999977,Atlantic Ocean
2023,11.23999999999998,Atlantic Ocean
2023,11.719999999999985,Atlantic Ocean
2023,7.839999999999975,Atlantic Ocean
2023,5.039999999999978,Atlantic Ocean
2023,-5.240000000000023,Atlantic Ocean
2023,-2.730000000000018,Atlantic Ocean
2023,20.579999999999984,Atlantic Ocean
2023,22.58999999999997,Atlantic Ocean
2023,19.279999999999973,Atlantic Ocean
2023,11.669999999999972,Atlantic Ocean
2023,8.779999999999973,Atlantic Ocean
2023,10.70999999999998,Atlantic Ocean
2023,24.469999999999985,Atlantic Ocean
2023,20.369999999999976,Atlantic Ocean
2023,12.909999999999982,Atlantic Ocean
2023,10.869999999999976,Atlantic Ocean
2023,5.629999999999981,Atlantic Ocean
2023,7.739999999999981,Atlantic Ocean
2023,4.409999999999982,Atlantic Ocean
2023,6.899999999999977,Atlantic Ocean
2023,9.479999999999976,Atlantic Ocean
2023,10.289999999999978,Atlantic Ocean
2023,9.549999999999985,Atlantic Ocean
2023,9.079999999999984,Atlantic Ocean
2023,14.37999999999998,Atlantic Ocean
2023,10.769999999999982,Atlantic Ocean
2023,17.049999999999983,Atlantic Ocean
2023,20.30999999999997,Atlantic Ocean
2023,17.939999999999984,Atlantic Ocean
2023,17.119999999999976,Atlantic Ocean
2023,26.049999999999983,Atlantic Ocean
2023,26.109999999999985,Atlantic Ocean
2023,28.619999999999976,Atlantic Ocean
2023,24.969999999999985,Atlantic Ocean
2023,7.149999999999977,Atlantic Ocean
2023,4.919999999999973,Atlantic Ocean
2023,10.809999999999974,Atlantic Ocean
2023,14.06999999999998,Atlantic Ocean
2023,22.719999999999985,Atlantic Ocean
2023,20.499999999999982,Atlantic Ocean
2023,9.259999999999977,Atlantic Ocean
2023,9.34999999999998,Atlantic Ocean
2023,16.139999999999972,Atlantic Ocean
2023,17.799999999999983,Atlantic Ocean
2023,3.9499999999999744,Atlantic Ocean
2023,4.20999999999998,Atlantic Ocean
2023,5.859999999999985,Atlantic Ocean
2023,8.519999999999982,Atlantic Ocean
2023,13.869999999999976,Atlantic Ocean
2023,12.869999999999976,Atlantic Ocean
2023,21.34999999999998,Atlantic Ocean
2023,21.269999999999985,Atlantic Ocean
2023,9.389999999999972,Atlantic Ocean
2023,10.219999999999985,Atlantic Ocean
2023,17.149999999999977,Atlantic Ocean
2023,22.029999999999973,Atlantic Ocean
2023,18.299999999999983,Atlantic Ocean
2023,16.049999999999983,Atlantic Ocean
2023,7.639999999999972,Atlantic Ocean
2023,7.579999999999984,Atlantic Ocean
2023,5.639999999999972,Atlantic Ocean
2023,6.779999999999973,Atlantic Ocean
2023,6.309999999999974,Atlantic Ocean
2023,8.559999999999974,Atlantic Ocean
2023,11.039999999999978,Atlantic Ocean
2023,13.039999999999978,Atlantic Ocean
2023,21.219999999999985,Atlantic Ocean
2023,23.62999999999998,Atlantic Ocean
2019,-13.311351351351355,Indian Ocean
2019,-5.381351351351356,Indian Ocean
2019,-13.201351351351356,Indian Ocean
2019,-11.61135135135136,Indian Ocean
2019,-9.93135135135136,Indian Ocean
2019,-8.581351351351358,Indian Ocean
2019,-5.161351351351357,Indian Ocean
2019,-3.8113513513513553,Indian Ocean
2019,-5.231351351351357,Indian Ocean
2019,-8.57135135135136,Indian Ocean
2019,-5.421351351351355,Indian Ocean
2019,1.6586486486486365,Indian Ocean
2019,-1.9213513513513547,Indian Ocean
2019,-12.531351351351354,Indian Ocean
2019,-9.231351351351355,Indian Ocean
2019,13.558648648648642,Indian Ocean
2019,10.178648648648648,Indian Ocean
2019,-8.241351351351355,Indian Ocean
2019,-14.881351351351356,Indian Ocean
2019,-2.761351351351358,Indian Ocean
2019,5.368648648648644,Indian Ocean
2019,14.618648648648644,Indian Ocean
2019,13.298648648648635,Indian Ocean
2019,6.728648648648644,Indian Ocean
2019,-0.961351351351354,Indian Ocean
2019,2.268648648648636,Indian Ocean
2019,9.74864864864864,Indian Ocean
2019,3.318648648648648,Indian Ocean
2019,0.6086486486486393,Indian Ocean
2019,12.71864864864864,Indian Ocean
2019,12.758648648648643,Indian Ocean
2019,3.1386486486486405,Indian Ocean
2019,-3.3513513513513544,Indian Ocean
2019,3.3886486486486405,Indian Ocean
2019,17.038648648648646,Indian Ocean
2019,10.228648648648644,Indian Ocean
2019,3.4686486486486388,Indian Ocean
2020,-4.811351351351355,Indian Ocean
2020,-5.091351351351356,Indian Ocean
2020,3.038648648648646,Indian Ocean
2020,5.838648648648643,Indian Ocean
2020,5.228648648648644,Indian Ocean
2020,-1.221351351351359,Indian Ocean
2020,-1.6713513513513547,Indian Ocean
2020,4.008648648648645,Indian Ocean
2020,8.148648648648646,Indian Ocean
2020,10.13864864864864,Indian Ocean
2020,1.268648648648636,Indian Ocean
2020,5.798648648648637,Indian Ocean
2020,1.8486486486486484,Indian Ocean
2020,-5.631351351351356,Indian Ocean
2020,-24.23135135135136,Indian Ocean
2020,-12.75135135135136,Indian Ocean
2020,-1.391351351351361,Indian Ocean
2020,9.298648648648635,Indian Ocean
2020,10.318648648648647,Indian Ocean
2020,1.788648648648646,Indian Ocean
2020,-1.9213513513513547,Indian Ocean
2020,14.578648648648638,Indian Ocean
2020,3.1186486486486444,Indian Ocean
2020,2.008648648648645,Indian Ocean
2020,-10.211351351351354,Indian Ocean
2020,2.588648648648644,Indian Ocean
2020,2.048648648648637,Indian Ocean
2020,9.60864864864864,Indian Ocean
2020,15.678648648648648,Indian Ocean
2020,8.228648648648644,Indian Ocean
2020,10.078648648648638,Indian Ocean
2020,-4.32135135135136,Indian Ocean
2020,7.168648648648642,Indian Ocean
2020,8.99864864864864,Indian Ocean
2020,2.3486486486486484,Indian Ocean
2020,17.518648648648636,Indian Ocean
2020,14.928648648648648,Indian Ocean
2021,24.458648648648648,Indian Ocean
2021,22.71864864864864,Indian Ocean
2021,18.198648648648643,Indian Ocean
2021,1.6986486486486427,Indian Ocean
2021,0.2886486486486461,Indian Ocean
2021,-2.4113513513513567,Indian Ocean
2021,0.978648648648644,Indian Ocean
2021,1.6886486486486376,Indian Ocean
2021,2.0986486486486484,Indian Ocean
2021,0.3886486486486404,Indian Ocean
2021,2.0986486486486484,Indian Ocean
2021,4.838648648648643,Indian Ocean
2021,3.028648648648641,Indian Ocean
2021,7.9086486486486365,Indian Ocean
2021,-6.741351351351355,Indian Ocean
2021,-12.661351351351357,Indian Ocean
2021,-13.801351351351355,Indian Ocean
2021,-4.3713513513513576,Indian Ocean
2021,-4.93135135135136,Indian Ocean
2021,0.488648648648649,Indian Ocean
2021,3.228648648648644,Indian Ocean
2021,-3.54135135135136,Indian Ocean
2021,-19.28135135135136,Indian Ocean
2021,-5.61135135135136,Indian Ocean
2021,22.26864864864864,Indian Ocean
2021,23.228648648648644,Indian Ocean
2021,26.74864864864864,Indian Ocean
2021,27.41864864864864,Indian Ocean
2021,-1.881351351351356,Indian Ocean
2021,-16.371351351351358,Indian Ocean
2021,0.298648648648637,Indian Ocean
2021,-4.481351351351357,Indian Ocean
2021,-7.57135135135136,Indian Ocean
2021,2.4286486486486467,Indian Ocean
2021,4.028648648648641,Indian Ocean
2021,6.518648648648636,Indian Ocean
2021,7.88864864864864,Indian Ocean
2021,7.578648648648638,Indian Ocean
2021,5.798648648648637,Indian Ocean
2021,3.5986486486486484,Indian Ocean
2021,0.8186486486486473,Indian Ocean
2021,7.88864864864864,Indian Ocean
2021,-6.441351351351358,Indian Ocean
2021,-5.911351351351357,Indian Ocean
2021,-2.8613513513513595,Indian Ocean
2021,1.1286486486486496,Indian Ocean
2021,-16.89135135135136,Indian Ocean
2021,-9.22135135135136,Indian Ocean
2022,-0.9213513513513618,Indian Ocean
2022,5.3786486486486496,Indian Ocean
2022,18.088648648648643,Indian Ocean
2022,14.398648648648646,Indian Ocean
2022,8.508648648648645,Indian Ocean
2022,10.508648648648643,Indian Ocean
2022,13.02864864864864,Indian Ocean
2022,17.338648648648643,Indian Ocean
2022,16.328648648648638,Indian Ocean
2022,12.568648648648647,Indian Ocean
2022,9.728648648648644,Indian Ocean
2022,1.6286486486486496,Indian Ocean
2022,3.738648648648649,Indian Ocean
2022,-8.29135135135136,Indian Ocean
2022,6.518648648648636,Indian Ocean
2022,11.288648648648646,Indian Ocean
2022,11.74864864864864,Indian Ocean
2022,11.568648648648647,Indian Ocean
2022,11.198648648648645,Indian Ocean
2022,4.548648648648637,Indian Ocean
2022,1.6486486486486456,Indian Ocean
2022,-2.1713513513513547,Indian Ocean
2022,-0.2813513513513612,Indian Ocean
2022,6.968648648648639,Indian Ocean
2022,15.018648648648636,Indian Ocean
2022,25.55864864864864,Indian Ocean
2022,21.068648648648647,Indian Ocean
2022,1.1286486486486496,Indian Ocean
2022,3.49864864864864,Indian Ocean
2022,23.73864864864865,Indian Ocean
2022,26.03864864864865,Indian Ocean
2022,12.088648648648643,Indian Ocean
2022,9.62864864864865,Indian Ocean
2022,15.728648648648644,Indian Ocean
2022,10.848648648648648,Indian Ocean
2022,6.9086486486486365,Indian Ocean
2022,3.978648648648644,Indian Ocean
2022,1.738648648648649,Indian Ocean
2022,3.4386486486486376,Indian Ocean
2022,21.208648648648648,Indian Ocean
2022,21.73864864864865,Indian Ocean
2022,21.258648648648645,Indian Ocean
2022,19.708648648648648,Indian Ocean
2022,12.698648648648645,Indian Ocean
2022,7.788648648648646,Indian Ocean
2022,9.118648648648644,Indian Ocean
2022,6.118648648648644,Indian Ocean
2022,18.958648648648648,Indian Ocean
2022,17.318648648648647,Indian Ocean
2022,14.048648648648635,Indian Ocean
2022,10.928648648648648,Indian Ocean
2022,2.738648648648649,Indian Ocean
2022,2.35864864864864,Indian Ocean
2022,11.588648648648643,Indian Ocean
2022,15.928648648648648,Indian Ocean
2022,26.04864864864864,Indian Ocean
2022,25.428648648648647,Indian Ocean
2022,11.37864864864865,Indian Ocean
2022,3.4486486486486427,Indian Ocean
2022,0.1286486486486495,Indian Ocean
2022,-1.481351351351357,Indian Ocean
2022,-1.6613513513513567,Indian Ocean
2022,3.518648648648636,Indian Ocean
2022,19.728648648648644,Indian Ocean
2022,25.09864864864865,Indian Ocean
2022,8.428648648648647,Indian Ocean
2022,7.448648648648643,Indian Ocean
2023,1.9386486486486376,Indian Ocean
2023,8.068648648648647,Indian Ocean
2023,13.758648648648643,Indian Ocean
2023,15.588648648648643,Indian Ocean
2023,18.98864864864865,Indian Ocean
2023,17.35864864864864,Indian Ocean
2023,-1.1813513513513598,Indian Ocean
2023,-4.86135135135136,Indian Ocean
2023,-16.161351351351357,Indian Ocean
2023,-16.72135135135136,Indian Ocean
2023,-5.631351351351356,Indian Ocean
2023,-3.451351351351356,Indian Ocean
2023,4.198648648648643,Indian Ocean
2023,4.698648648648643,Indian Ocean
2023,18.54864864864864,Indian Ocean
2023,16.178648648648647,Indian Ocean
2023,29.03864864864865,Indian Ocean
2023,26.40864864864864,Indian Ocean
2023,10.768648648648636,Indian Ocean
2023,5.8886486486486405,Indian Ocean
2023,-7.311351351351355,Indian Ocean
2023,-5.881351351351356,Indian Ocean
2023,5.988648648648649,Indian Ocean
2023,7.268648648648636,Indian Ocean
2023,3.8986486486486456,Indian Ocean
2023,7.058648648648642,Indian Ocean
2023,14.908648648648636,Indian Ocean
2023,18.73864864864865,Indian Ocean
2023,8.118648648648644,Indian Ocean
2023,9.118648648648644,Indian Ocean
2023,11.288648648648646,Indian Ocean
2023,15.118648648648644,Indian Ocean
2023,10.098648648648648,Indian Ocean
2023,10.948648648648645,Indian Ocean
2023,20.77864864864864,Indian Ocean
2023,22.35864864864864,Indian Ocean
2023,18.07864864864864,Indian Ocean
2023,18.34864864864865,Indian Ocean
2023,8.718648648648639,Indian Ocean
2023,7.598648648648648,Indian Ocean
2023,12.13864864864864,Indian Ocean
2023,14.768648648648636,Indian Ocean
2023,9.078648648648638,Indian Ocean
2023,10.458648648648648,Indian Ocean
2023,16.96864864864864,Indian Ocean
2023,15.868648648648644,Indian Ocean
2023,19.68864864864864,Indian Ocean
2023,17.73864864864865,Indian Ocean
2023,20.98864864864865,Indian Ocean
2023,17.268648648648636,Indian Ocean
2023,18.27864864864864,Indian Ocean
2023,17.328648648648638,Indian Ocean
2023,18.04864864864864,Indian Ocean
2023,14.52864864864864,Indian Ocean
2023,20.448648648648643,Indian Ocean
2023,22.51864864864864,Indian Ocean
2023,29.89864864864865,Indian Ocean
2023,35.20864864864865,Indian Ocean
2023,34.15864864864864,Indian Ocean
2023,35.42864864864865,Indian Ocean
2023,31.68864864864864,Indian Ocean
2023,32.67864864864865,Indian Ocean
2023,35.038648648648646,Indian Ocean
2023,35.76864864864864,Indian Ocean
2023,33.77864864864864,Indian Ocean
2023,37.288648648648646,Indian Ocean
2023,34.92864864864865,Indian Ocean
2023,35.52864864864864,Indian Ocean
2023,25.64864864864865,Indian Ocean
2023,29.39864864864865,Indian Ocean
2023,24.35864864864864,Indian Ocean
2023,30.698648648648643,Indian Ocean
2023,31.96864864864864,Indian Ocean
2023,34.038648648648646,Indian Ocean
2019,-37.84675675675674,Gulf of America
2019,-17.986756756756748,Gulf of America
2019,-14.27675675675674,Gulf of America
2019,17.793243243243253,Gulf of America
2019,-2.9767567567567426,Gulf of America
2019,-20.52675675675674,Gulf of America
2019,-4.306756756756741,Gulf of America
2019,-0.2667567567567488,Gulf of America
2019,1.8632432432432608,Gulf of America
2019,2.103243243243256,Gulf of America
2019,-38.02675675675674,Gulf of America
2019,-19.456756756756747,Gulf of America
2019,6.423243243243263,Gulf of America
2019,20.103243243243256,Gulf of America
2019,5.483243243243251,Gulf of America
2019,12.033243243243264,Gulf of America
2019,0.5132432432432523,Gulf of America
2019,-1.4267567567567454,Gulf of America
2019,8.553243243243259,Gulf of America
2019,1.5232432432432574,Gulf of America
2019,7.743243243243256,Gulf of America
2019,-9.506756756756744,Gulf of America
2019,-25.566756756756742,Gulf of America
2019,-23.006756756756744,Gulf of America
2019,-14.77675675675674,Gulf of America
2019,-11.616756756756743,Gulf of America
2019,1.5432432432432537,Gulf of America
2019,32.21324324324327,Gulf of America
2019,71.00324324324326,Gulf of America
2019,35.63324324324326,Gulf of America
2019,23.993243243243256,Gulf of America
2019,28.12324324324325,Gulf of America
2019,26.09324324324325,Gulf of America
2019,-4.976756756756743,Gulf of America
2019,-11.576756756756737,Gulf of America
2019,-27.576756756756737,Gulf of America
2019,-17.036756756756745,Gulf of America
2020,9.173243243243263,Gulf of America
2020,45.38324324324326,Gulf of America
2020,23.47324324324326,Gulf of America
2020,-12.646756756756744,Gulf of America
2020,28.12324324324325,Gulf of America
2020,17.043243243243253,Gulf of America
2020,-1.0267567567567395,Gulf of America
2020,0.2632432432432523,Gulf of America
2020,1.5632432432432637,Gulf of America
2020,12.483243243243251,Gulf of America
2020,31.42324324324325,Gulf of America
2020,10.493243243243256,Gulf of America
2020,-13.176756756756744,Gulf of America
2020,-22.206756756756747,Gulf of America
2020,6.22324324324326,Gulf of America
2020,41.20324324324325,Gulf of America
2020,30.67324324324325,Gulf of America
2020,5.563243243243264,Gulf of America
2020,-7.206756756756746,Gulf of America
2020,-26.146756756756744,Gulf of America
2020,1.3332432432432595,Gulf of America
2020,-6.816756756756746,Gulf of America
2020,-18.65675675675675,Gulf of America
2020,-8.206756756756747,Gulf of America
2020,-6.116756756756743,Gulf of America
2020,-6.256756756756744,Gulf of America
2020,40.86324324324325,Gulf of America
2020,-12.566756756756746,Gulf of America
2020,-15.846756756756749,Gulf of America
2020,-16.566756756756746,Gulf of America
2020,-16.676756756756745,Gulf of America
2020,20.48324324324325,Gulf of America
2020,10.813243243243264,Gulf of America
2020,-25.436756756756736,Gulf of America
2020,-44.57675675675674,Gulf of America
2020,-26.956756756756747,Gulf of America
2020,-26.036756756756745,Gulf of America
2021,-45.33675675675674,Gulf of America
2021,-37.176756756756745,Gulf of America
2021,-39.98675675675674,Gulf of America
2021,-45.68675675675674,Gulf of America
2021,-43.746756756756746,Gulf of America
2021,-22.616756756756743,Gulf of America
2021,-20.086756756756746,Gulf of America
2021,10.293243243243252,Gulf of America
2021,-3.4367567567567363,Gulf of America
2021,-10.676756756756744,Gulf of America
2021,-19.27675675675674,Gulf of America
2021,-20.846756756756747,Gulf of America
2021,9.95324324324325,Gulf of America
2021,-6.626756756756748,Gulf of America
2021,-4.896756756756744,Gulf of America
2021,-0.4767567567567425,Gulf of America
2021,-10.206756756756748,Gulf of America
2021,1.45324324324325,Gulf of America
2021,24.57324324324325,Gulf of America
2021,27.32324324324325,Gulf of America
2021,0.183243243243254,Gulf of America
2021,4.713243243243255,Gulf of America
2021,-30.836756756756746,Gulf of America
2021,-29.586756756756746,Gulf of America
2021,-4.866756756756743,Gulf of America
2021,3.2432432432432563,Gulf of America
2021,-20.576756756756737,Gulf of America
2021,-1.2167567567567374,Gulf of America
2021,3.83324324324326,Gulf of America
2021,4.873243243243252,Gulf of America
2021,5.883243243243257,Gulf of America
2021,-15.19675675675674,Gulf of America
2021,-18.01675675675675,Gulf of America
2021,-14.016756756756749,Gulf of America
2021,-22.13675675675674,Gulf of America
2021,-6.076756756756737,Gulf of America
2021,-8.356756756756738,Gulf of America
2021,-16.076756756756737,Gulf of America
2021,-14.106756756756738,Gulf of America
2021,-5.41675675675674,Gulf of America
2021,6.233243243243251,Gulf of America
2021,-10.066756756756746,Gulf of America
2021,1.903243243243253,Gulf of America
2021,-21.26675675675675,Gulf of America
2021,-25.226756756756743,Gulf of America
2021,-5.66675675675674,Gulf of America
2021,-18.29675675675675,Gulf of America
2021,-14.44675675675674,Gulf of America
2021,-6.146756756756744,Gulf of America
2021,-9.90675675675675,Gulf of America
2021,-17.826756756756737,Gulf of America
2021,2.023243243243257,Gulf of America
2021,5.503243243243261,Gulf of America
2021,12.22324324324326,Gulf of America
2021,11.873243243243252,Gulf of America
2021,-13.846756756756749,Gulf of America
2021,1.1932432432432591,Gulf of America
2021,-2.016756756756749,Gulf of America
2021,-9.126756756756748,Gulf of America
2021,-13.63675675675674,Gulf of America
2021,-8.88675675675674,Gulf of America
2021,-9.956756756756748,Gulf of America
2021,-5.126756756756748,Gulf of America
2022,21.57324324324325,Gulf of America
2022,17.063243243243264,Gulf of America
2022,20.84324324324325,Gulf of America
2022,20.543243243243253,Gulf of America
2022,52.103243243243256,Gulf of America
2022,54.103243243243256,Gulf of America
2022,24.673243243243263,Gulf of America
2022,26.95324324324325,Gulf of America
2022,33.583243243243246,Gulf of America
2022,15.783243243243264,Gulf of America
2022,-2.6567567567567494,Gulf of America
2022,4.843243243243251,Gulf of America
2022,5.313243243243264,Gulf of America
2022,13.923243243243263,Gulf of America
2022,-20.52675675675674,Gulf of America
2022,-34.29675675675675,Gulf of America
2022,-16.94675675675674,Gulf of America
2022,-50.51675675675674,Gulf of America
2022,-21.236756756756748,Gulf of America
2022,-20.686756756756736,Gulf of America
2022,16.25324324324326,Gulf of America
2022,30.91324324324325,Gulf of America
2022,41.92324324324325,Gulf of America
2022,16.30324324324326,Gulf of America
2022,37.37324324324327,Gulf of America
2022,22.243243243243256,Gulf of America
2022,26.16324324324325,Gulf of America
2022,11.133243243243257,Gulf of America
2022,31.273243243243243,Gulf of America
2022,26.68324324324325,Gulf of America
2022,28.48324324324325,Gulf of America
2022,23.08324324324326,Gulf of America
2022,-10.44675675675674,Gulf of America
2022,14.83324324324326,Gulf of America
2022,0.3832432432432568,Gulf of America
2022,45.92324324324325,Gulf of America
2022,27.43324324324325,Gulf of America
2022,64.62324324324327,Gulf of America
2022,14.423243243243263,Gulf of America
2022,45.323243243243255,Gulf of America
2022,5.963243243243255,Gulf of America
2022,6.45324324324325,Gulf of America
2022,6.263243243243252,Gulf of America
2022,12.153243243243251,Gulf of America
2022,20.313243243243264,Gulf of America
2022,15.603243243243256,Gulf of America
2022,38.46324324324327,Gulf of America
2022,16.603243243243256,Gulf of America
2022,25.133243243243257,Gulf of America
2022,12.163243243243258,Gulf of America
2022,6.443243243243259,Gulf of America
2022,10.013243243243252,Gulf of America
2022,10.023243243243256,Gulf of America
2022,-1.7467567567567386,Gulf of America
2022,3.783243243243263,Gulf of America
2022,-1.3867567567567392,Gulf of America
2022,11.413243243243258,Gulf of America
2022,17.463243243243255,Gulf of America
2022,34.73324324324325,Gulf of America
2022,45.813243243243264,Gulf of America
2022,23.403243243243253,Gulf of America
2022,46.00324324324326,Gulf of America
2022,9.773243243243256,Gulf of America
2022,62.80324324324325,Gulf of America
2022,51.54324324324325,Gulf of America
2022,71.42324324324325,Gulf of America
2022,53.59324324324327,Gulf of America
2022,76.16324324324326,Gulf of America
2023,51.80324324324325,Gulf of America
2023,71.21324324324327,Gulf of America
2023,47.03324324324326,Gulf of America
2023,56.04324324324325,Gulf of America
2023,64.51324324324325,Gulf of America
2023,54.42324324324325,Gulf of America
2023,57.98324324324325,Gulf of America
2023,59.21324324324327,Gulf of America
2023,32.53324324324326,Gulf of America
2023,40.94324324324326,Gulf of America
2023,8.11324324324326,Gulf of America
2023,16.103243243243256,Gulf of America
2023,29.44324324324326,Gulf of America
2023,53.03324324324326,Gulf of America
2023,86.06324324324326,Gulf of America
2023,69.84324324324326,Gulf of America
2023,47.313243243243264,Gulf of America
2023,55.00324324324326,Gulf of America
2023,35.86324324324325,Gulf of America
2023,47.93324324324327,Gulf of America
2023,48.49324324324327,Gulf of America
2023,26.66324324324325,Gulf of America
2023,29.94324324324326,Gulf of America
2023,11.25324324324326,Gulf of America
2023,20.563243243243264,Gulf of America
2023,-2.136756756756739,Gulf of America
2023,25.12324324324325,Gulf of America
2023,17.993243243243256,Gulf of America
2023,27.12324324324325,Gulf of America
2023,18.793243243243253,Gulf of America
2023,36.063243243243264,Gulf of America
2023,27.243243243243256,Gulf of America
2023,34.19324324324326,Gulf of America
2023,26.063243243243264,Gulf of America
2023,32.24324324324327,Gulf of America
2023,29.45324324324325,Gulf of America
2023,39.813243243243264,Gulf of America
2023,30.803243243243244,Gulf of America
2023,32.72324324324326,Gulf of America
2023,25.72324324324326,Gulf of America
2023,35.603243243243256,Gulf of America
2023,31.17324324324325,Gulf of America
2023,17.033243243243263,Gulf of America
2023,11.213243243243255,Gulf of America
2023,6.033243243243263,Gulf of America
2023,11.563243243243264,Gulf of America
2023,-18.186756756756736,Gulf of America
2023,9.75324324324326,Gulf of America
2023,24.12324324324325,Gulf of America
2023,0.3432432432432506,Gulf of America
2023,4.053243243243259,Gulf of America
2023,-3.986756756756748,Gulf of America
2023,-15.27675675675674,Gulf of America
2023,-8.536756756756745,Gulf of America
2023,10.84324324324325,Gulf of America
2023,53.67324324324325,Gulf of America
2023,29.123243243243262,Gulf of America
2023,35.343243243243265,Gulf of America
2023,-8.146756756756744,Gulf of America
2023,23.87324324324325,Gulf of America
2023,30.66324324324325,Gulf of America
2023,22.76324324324325,Gulf of America
2023,21.61324324324326,Gulf of America
2023,27.25324324324326,Gulf of America
2023,4.093243243243251,Gulf of America
2023,3.653243243243253,Gulf of America
2023,-0.7167567567567374,Gulf of America
2023,3.20324324324325,Gulf of America
2023,-6.27675675675674,Gulf of America
2023,-0.1667567567567403,Gulf of America
2023,35.073243243243255,Gulf of America
2023,15.75324324324326,Gulf of America
2023,9.523243243243256,Gulf of America
2023,0.5032432432432614,Gulf of America
2019,1.88621621621622,South China Sea
2019,18.146216216216217,South China Sea
2019,24.35621621621621,South China Sea
2019,-12.243783783783783,South China Sea
2019,9.866216216216216,South China Sea
2019,-40.25378378378378,South China Sea
2019,-0.5837837837837867,South China Sea
2019,26.93621621621621,South China Sea
2019,10.796216216216216,South China Sea
2019,35.28621621621622,South China Sea
2019,8.036216216216218,South China Sea
2019,5.20621621621622,South China Sea
2019,32.51621621621622,South China Sea
2019,22.20621621621622,South China Sea
2019,36.53621621621622,South China Sea
2019,0.0762162162162169,South China Sea
2019,5.236216216216214,South China Sea
2019,22.67621621621622,South China Sea
2019,0.1662162162162133,South China Sea
2019,12.776216216216213,South China Sea
2019,-11.373783783783786,South China Sea
2019,-32.58378378378379,South China Sea
2019,-38.52378378378378,South China Sea
2019,-14.873783783783786,South China Sea
2019,-17.953783783783784,South China Sea
2019,-15.153783783783789,South China Sea
2019,27.17621621621622,South China Sea
2019,-21.803783783783786,South China Sea
2019,-11.023783783783784,South China Sea
2019,12.096216216216211,South China Sea
2019,-26.243783783783783,South China Sea
2019,-3.3337837837837867,South China Sea
2019,-9.123783783783786,South China Sea
2019,35.13621621621621,South China Sea
2019,5.276216216216213,South China Sea
2019,-73.70378378378379,South China Sea
2019,-23.613783783783784,South China Sea
2020,-43.303783783783786,South China Sea
2020,-62.77378378378378,South China Sea
2020,-57.35378378378378,South China Sea
2020,40.10621621621621,South China Sea
2020,33.10621621621621,South China Sea
2020,-10.273783783783784,South China Sea
2020,-22.133783783783784,South China Sea
2020,-40.83378378378379,South China Sea
2020,-37.33378378378379,South China Sea
2020,14.386216216216212,South China Sea
2020,15.32621621621621,South China Sea
2020,34.18621621621621,South China Sea
2020,-13.573783783783782,South China Sea
2020,6.666216216216213,South China Sea
2020,14.70621621621622,South China Sea
2020,19.78621621621621,South China Sea
2020,24.546216216216223,South China Sea
2020,23.28621621621621,South China Sea
2020,22.646216216216217,South China Sea
2020,33.96621621621621,South China Sea
2020,54.10621621621621,South China Sea
2020,20.19621621621621,South China Sea
2020,20.38621621621621,South China Sea
2020,34.24621621621621,South China Sea
2020,43.39621621621622,South China Sea
2020,16.656216216216222,South China Sea
2020,23.396216216216217,South China Sea
2020,44.74621621621621,South China Sea
2020,86.5362162162162,South China Sea
2020,118.36621621621622,South China Sea
2020,70.98621621621622,South China Sea
2020,72.51621621621622,South China Sea
2020,-3.0337837837837824,South China Sea
2020,71.24621621621621,South China Sea
2020,20.60621621621621,South China Sea
2020,54.74621621621621,South China Sea
2020,51.27621621621621,South China Sea
2021,44.976216216216216,South China Sea
2021,63.07621621621621,South China Sea
2021,-0.3137837837837836,South China Sea
2021,1.356216216216218,South China Sea
2021,13.336216216216217,South China Sea
2021,14.366216216216216,South China Sea
2021,7.796216216216216,South China Sea
2021,0.4062162162162153,South China Sea
2021,-5.693783783783786,South China Sea
2021,31.84621621621622,South China Sea
2021,45.21621621621621,South China Sea
2021,16.016216216216222,South China Sea
2021,24.666216216216213,South China Sea
2021,-2.3337837837837867,South China Sea
2021,1.086216216216215,South China Sea
2021,66.81621621621622,South China Sea
2021,58.14621621621622,South China Sea
2021,66.79621621621622,South China Sea
2021,53.45621621621622,South China Sea
2021,61.25621621621622,South China Sea
2021,52.65621621621622,South China Sea
2021,53.49621621621621,South China Sea
2021,17.56621621621622,South China Sea
2021,22.82621621621621,South China Sea
2021,24.526216216216213,South China Sea
2021,24.476216216216216,South China Sea
2021,6.816216216216219,South China Sea
2021,12.786216216216218,South China Sea
2021,9.24621621621622,South China Sea
2021,26.24621621621621,South China Sea
2021,25.166216216216213,South China Sea
2021,59.476216216216216,South China Sea
2021,56.18621621621621,South China Sea
2021,43.586216216216215,South China Sea
2021,40.866216216216216,South China Sea
2021,49.16621621621621,South China Sea
2021,31.33621621621621,South China Sea
2021,50.726216216216216,South China Sea
2021,45.02621621621621,South China Sea
2021,17.81621621621622,South China Sea
2021,10.936216216216216,South China Sea
2021,18.18621621621621,South China Sea
2021,39.18621621621621,South China Sea
2021,36.49621621621621,South China Sea
2021,21.58621621621621,South China Sea
2021,30.96621621621621,South China Sea
2021,41.42621621621622,South China Sea
2021,32.336216216216215,South China Sea
2021,43.52621621621621,South China Sea
2021,42.976216216216216,South China Sea
2021,22.69621621621621,South China Sea
2021,26.19621621621621,South China Sea
2021,19.766216216216225,South China Sea
2021,45.59621621621622,South China Sea
2021,119.45621621621622,South China Sea
2021,86.38621621621623,South China Sea
2021,40.24621621621621,South China Sea
2021,38.48621621621622,South China Sea
2022,51.82621621621621,South China Sea
2022,23.006216216216217,South China Sea
2022,22.84621621621622,South China Sea
2022,38.60621621621621,South China Sea
2022,38.60621621621621,South China Sea
2022,61.10621621621621,South China Sea
2022,71.74621621621621,South China Sea
2022,64.43621621621621,South China Sea
2022,103.0262162162162,South China Sea
2022,112.9062162162162,South China Sea
2022,49.52621621621621,South China Sea
2022,46.43621621621621,South China Sea
2022,38.88621621621621,South China Sea
2022,116.79621621621622,South China Sea
2022,182.92621621621623,South China Sea
2022,59.96621621621621,South China Sea
2022,52.05621621621621,South China Sea
2022,40.48621621621622,South China Sea
2022,60.98621621621622,South China Sea
2022,59.60621621621621,South China Sea
2022,39.09621621621622,South China Sea
2022,37.16621621621621,South China Sea
2022,59.81621621621622,South China Sea
2022,54.76621621621622,South China Sea
2022,31.726216216216216,South China Sea
2022,22.95621621621622,South China Sea
2022,37.76621621621622,South China Sea
2022,41.85621621621621,South China Sea
2022,50.43621621621621,South China Sea
2022,60.15621621621622,South China Sea
2022,49.79621621621622,South China Sea
2022,57.976216216216216,South China Sea
2022,66.27621621621621,South China Sea
2022,58.836216216216215,South China Sea
2022,88.22621621621623,South China Sea
2022,87.65621621621621,South China Sea
2022,84.5062162162162,South China Sea
2022,77.1262162162162,South China Sea
2022,70.24621621621621,South China Sea
2022,65.06621621621622,South China Sea
2022,81.32621621621622,South China Sea
2022,72.66621621621621,South China Sea
2022,72.65621621621622,South China Sea
2022,85.83621621621622,South China Sea
2022,71.47621621621622,South China Sea
2022,73.85621621621621,South China Sea
2022,55.49621621621621,South China Sea
2022,53.02621621621621,South China Sea
2022,90.83621621621622,South China Sea
2022,99.2562162162162,South China Sea
2022,75.54621621621622,South China Sea
2022,93.72621621621624,South China Sea
2022,144.7162162162162,South China Sea
2022,122.41621621621624,South China Sea
2022,87.8462162162162,South China Sea
2022,88.8762162162162,South China Sea
2022,98.67621621621622,South China Sea
2022,71.42621621621622,South China Sea
2022,11.726216216216216,South China Sea
2022,-1.0037837837837813,South China Sea
2022,-8.653783783783787,South China Sea
2022,-1.2637837837837864,South China Sea
2022,69.83621621621622,South China Sea
2022,78.08621621621622,South China Sea
2022,100.61621621621622,South China Sea
2022,94.64621621621622,South China Sea
2022,47.336216216216215,South China Sea
2022,79.57621621621622,South China Sea
2023,53.55621621621621,South China Sea
2023,48.44621621621621,South China Sea
2023,-5.393783783783782,South China Sea
2023,23.17621621621622,South China Sea
2023,114.1262162162162,South China Sea
2023,104.9962162162162,South China Sea
2023,44.88621621621621,South China Sea
2023,39.76621621621622,South China Sea
2023,43.27621621621621,South China Sea
2023,60.05621621621621,South China Sea
2023,134.00621621621622,South China Sea
2023,149.8962162162162,South China Sea
2023,110.47621621621624,South China Sea
2023,85.74621621621621,South China Sea
2023,41.71621621621621,South China Sea
2023,42.80621621621621,South China Sea
2023,0.1662162162162133,South China Sea
2023,-0.1337837837837838,South China Sea
2023,17.476216216216216,South China Sea
2023,10.446216216216214,South China Sea
2023,40.30621621621621,South China Sea
2023,32.49621621621621,South China Sea
2023,49.35621621621621,South China Sea
2023,67.25621621621622,South China Sea
2023,75.28621621621622,South China Sea
2023,70.42621621621622,South China Sea
2023,69.91621621621621,South China Sea
2023,66.99621621621621,South China Sea
2023,51.89621621621622,South China Sea
2023,50.75621621621622,South China Sea
2023,55.40621621621622,South China Sea
2023,53.99621621621621,South China Sea
2023,40.66621621621621,South China Sea
2023,44.15621621621622,South China Sea
2023,23.916216216216213,South China Sea
2023,42.23621621621622,South China Sea
2023,43.70621621621622,South China Sea
2023,36.836216216216215,South China Sea
2023,29.55621621621621,South China Sea
2023,38.73621621621622,South China Sea
2023,54.95621621621622,South China Sea
2023,65.16621621621621,South China Sea
2023,33.66621621621621,South China Sea
2023,39.59621621621622,South China Sea
2023,1.2562162162162167,South China Sea
2023,7.326216216216217,South China Sea
2023,15.946216216216214,South China Sea
2023,27.59621621621622,South China Sea
2023,47.92621621621622,South China Sea
2023,47.336216216216215,South China Sea
2023,46.726216216216216,South China Sea
2023,48.17621621621622,South China Sea
2023,28.93621621621621,South China Sea
2023,35.806216216216214,South China Sea
2023,38.04621621621622,South China Sea
2023,28.646216216216217,South China Sea
2023,20.84621621621622,South China Sea
2023,20.43621621621621,South China Sea
2023,14.666216216216212,South China Sea
2023,9.70621621621622,South China Sea
2023,-17.29378378378378,South China Sea
2023,-16.233783783783785,South China Sea
2023,-24.433783783783785,South China Sea
2023,-15.553783783783786,South China Sea
2023,39.21621621621621,South China Sea
2023,26.58621621621621,South China Sea
2023,-5.023783783783784,South China Sea
2023,0.4362162162162164,South China Sea
2023,-37.96378378378378,South China Sea
2023,-22.333783783783783,South China Sea
2023,32.40621621621622,South China Sea
2023,47.79621621621622,South China Sea
2023,34.806216216216214,South China Sea
2023,41.96621621621621,South China Sea
2019,2.06027027027028,Bay of Bengal
2019,24.400270270270283,Bay of Bengal
2019,-1.3397297297297257,Bay of Bengal
2019,1.7802702702702788,Bay of Bengal
2019,-22.789729729729725,Bay of Bengal
2019,-42.61972972972973,Bay of Bengal
2019,10.60027027027028,Bay of Bengal
2019,3.790270270270277,Bay of Bengal
2019,4.24027027027028,Bay of Bengal
2019,-14.049729729729725,Bay of Bengal
2019,-12.119729729729723,Bay of Bengal
2019,7.960270270270279,Bay of Bengal
2019,13.980270270270276,Bay of Bengal
2019,2.9102702702702743,Bay of Bengal
2019,28.22027027027028,Bay of Bengal
2019,19.190270270270275,Bay of Bengal
2019,26.96027027027027,Bay of Bengal
2019,2.720270270270277,Bay of Bengal
2019,-5.639729729729723,Bay of Bengal
2019,23.77027027027028,Bay of Bengal
2019,45.44027027027028,Bay of Bengal
2019,28.100270270270272,Bay of Bengal
2019,47.71027027027027,Bay of Bengal
2019,20.58027027027028,Bay of Bengal
2019,17.950270270270273,Bay of Bengal
2019,4.330270270270276,Bay of Bengal
2019,32.37027027027028,Bay of Bengal
2019,34.18027027027027,Bay of Bengal
2019,25.47027027027028,Bay of Bengal
2019,1.2002702702702734,Bay of Bengal
2019,-34.36972972972973,Bay of Bengal
2019,-37.78972972972972,Bay of Bengal
2019,-50.019729729729725,Bay of Bengal
2019,-51.17972972972972,Bay of Bengal
2019,-51.00972972972973,Bay of Bengal
2019,-56.809729729729725,Bay of Bengal
2019,-50.17972972972972,Bay of Bengal
2020,-21.029729729729723,Bay of Bengal
2020,-12.579729729729724,Bay of Bengal
2020,-8.489729729729724,Bay of Bengal
2020,50.93027027027027,Bay of Bengal
2020,-25.059729729729725,Bay of Bengal
2020,-18.939729729729724,Bay of Bengal
2020,-7.969729729729721,Bay of Bengal
2020,-3.179729729729722,Bay of Bengal
2020,-3.0797297297297206,Bay of Bengal
2020,11.000270270270278,Bay of Bengal
2020,5.980270270270275,Bay of Bengal
2020,21.82027027027028,Bay of Bengal
2020,13.200270270270272,Bay of Bengal
2020,3.320270270270278,Bay of Bengal
2020,14.96027027027028,Bay of Bengal
2020,43.84027027027028,Bay of Bengal
2020,57.07027027027027,Bay of Bengal
2020,38.37027027027028,Bay of Bengal
2020,44.90027027027028,Bay of Bengal
2020,50.62027027027028,Bay of Bengal
2020,64.65027027027028,Bay of Bengal
2020,72.32027027027027,Bay of Bengal
2020,59.53027027027028,Bay of Bengal
2020,85.44027027027028,Bay of Bengal
2020,91.41027027027027,Bay of Bengal
2020,106.39027027027026,Bay of Bengal
2020,75.47027027027028,Bay of Bengal
2020,85.11027027027028,Bay of Bengal
2020,64.28027027027028,Bay of Bengal
2020,62.94027027027028,Bay of Bengal
2020,47.94027027027028,Bay of Bengal
2020,41.92027027027028,Bay of Bengal
2020,56.95027027027028,Bay of Bengal
2020,66.17027027027028,Bay of Bengal
2020,68.42027027027028,Bay of Bengal
2020,102.87027027027028,Bay of Bengal
2020,92.40027027027028,Bay of Bengal
2021,80.48027027027028,Bay of Bengal
2021,65.89027027027028,Bay of Bengal
2021,88.28027027027028,Bay of Bengal
2021,101.58027027027028,Bay of Bengal
2021,72.59027027027028,Bay of Bengal
2021,87.72027027027028,Bay of Bengal
2021,106.18027027027028,Bay of Bengal
2021,113.59027027027028,Bay of Bengal
2021,97.27027027027027,Bay of Bengal
2021,85.86027027027028,Bay of Bengal
2021,101.71027027027029,Bay of Bengal
2021,81.70027027027028,Bay of Bengal
2021,98.37027027027028,Bay of Bengal
2021,78.47027027027028,Bay of Bengal
2021,89.41027027027027,Bay of Bengal
2021,77.85027027027027,Bay of Bengal
2021,67.78027027027028,Bay of Bengal
2021,59.07027027027027,Bay of Bengal
2021,58.24027027027027,Bay of Bengal
2021,78.77027027027027,Bay of Bengal
2021,77.28027027027028,Bay of Bengal
2021,84.03027027027028,Bay of Bengal
2021,88.09027027027028,Bay of Bengal
2021,96.03027027027028,Bay of Bengal
2021,98.53027027027028,Bay of Bengal
2021,101.14027027027026,Bay of Bengal
2021,68.98027027027028,Bay of Bengal
2021,46.07027027027027,Bay of Bengal
2021,42.410270270270274,Bay of Bengal
2021,87.97027027027028,Bay of Bengal
2021,84.52027027027027,Bay of Bengal
2021,85.74027027027027,Bay of Bengal
2021,92.07027027027029,Bay of Bengal
2021,85.80027027027027,Bay of Bengal
2021,92.98027027027028,Bay of Bengal
2021,69.50027027027028,Bay of Bengal
2021,55.38027027027027,Bay of Bengal
2021,80.68027027027027,Bay of Bengal
2021,75.79027027027027,Bay of Bengal
2021,83.92027027027028,Bay of Bengal
2021,87.17027027027027,Bay of Bengal
2021,106.16027027027027,Bay of Bengal
2021,102.81027027027028,Bay of Bengal
2021,73.98027027027028,Bay of Bengal
2021,77.07027027027027,Bay of Bengal
2021,75.00027027027028,Bay of Bengal
2021,75.16027027027027,Bay of Bengal
2021,59.25027027027028,Bay of Bengal
2021,64.08027027027028,Bay of Bengal
2021,54.78027027027028,Bay of Bengal
2021,53.910270270270274,Bay of Bengal
2021,78.59027027027028,Bay of Bengal
2021,84.52027027027027,Bay of Bengal
2021,67.13027027027027,Bay of Bengal
2021,70.43027027027027,Bay of Bengal
2021,96.91027027027027,Bay of Bengal
2021,95.93027027027028,Bay of Bengal
2021,82.71027027027027,Bay of Bengal
2021,82.83027027027028,Bay of Bengal
2021,110.66027027027027,Bay of Bengal
2021,109.94027027027028,Bay of Bengal
2021,73.04027027027027,Bay of Bengal
2021,47.15027027027028,Bay of Bengal
2022,48.48027027027028,Bay of Bengal
2022,69.71027027027027,Bay of Bengal
2022,70.99027027027027,Bay of Bengal
2022,48.74027027027027,Bay of Bengal
2022,66.03027027027028,Bay of Bengal
2022,52.79027027027027,Bay of Bengal
2022,52.520270270270274,Bay of Bengal
2022,73.02027027027027,Bay of Bengal
2022,35.68027027027027,Bay of Bengal
2022,53.88027027027027,Bay of Bengal
2022,34.95027027027028,Bay of Bengal
2022,53.13027027027027,Bay of Bengal
2022,42.49027027027027,Bay of Bengal
2022,30.88027027027028,Bay of Bengal
2022,28.47027027027028,Bay of Bengal
2022,16.430270270270277,Bay of Bengal
2022,18.57027027027028,Bay of Bengal
2022,30.43027027027027,Bay of Bengal
2022,43.50027027027028,Bay of Bengal
2022,55.98027027027028,Bay of Bengal
2022,60.70027027027028,Bay of Bengal
2022,74.88027027027027,Bay of Bengal
2022,45.07027027027027,Bay of Bengal
2022,62.87027027027028,Bay of Bengal
2022,64.32027027027027,Bay of Bengal
2022,66.06027027027028,Bay of Bengal
2022,62.84027027027028,Bay of Bengal
2022,61.39027027027028,Bay of Bengal
2022,69.57027027027027,Bay of Bengal
2022,78.29027027027027,Bay of Bengal
2022,66.32027027027027,Bay of Bengal
2022,46.43027027027027,Bay of Bengal
2022,56.020270270270274,Bay of Bengal
2022,80.22027027027028,Bay of Bengal
2022,51.46027027027027,Bay of Bengal
2022,58.01027027027028,Bay of Bengal
2022,3.7302702702702746,Bay of Bengal
2022,36.39027027027028,Bay of Bengal
2022,18.40027027027028,Bay of Bengal
2022,31.28027027027028,Bay of Bengal
2022,52.04027027027027,Bay of Bengal
2022,58.95027027027028,Bay of Bengal
2022,63.11027027027028,Bay of Bengal
2022,77.28027027027028,Bay of Bengal
2022,84.03027027027028,Bay of Bengal
2022,69.91027027027027,Bay of Bengal
2022,26.58027027027028,Bay of Bengal
2022,56.43027027027027,Bay of Bengal
2022,42.15027027027028,Bay of Bengal
2022,66.69027027027028,Bay of Bengal
2022,51.14027027027028,Bay of Bengal
2022,87.26027027027027,Bay of Bengal
2022,102.23027027027028,Bay of Bengal
2022,73.60027027027027,Bay of Bengal
2022,77.29027027027027,Bay of Bengal
2022,82.28027027027028,Bay of Bengal
2022,97.91027027027027,Bay of Bengal
2022,109.97027027027028,Bay of Bengal
2022,77.64027027027028,Bay of Bengal
2022,95.41027027027027,Bay of Bengal
2022,72.37027027027028,Bay of Bengal
2022,81.14027027027028,Bay of Bengal
2022,51.35027027027027,Bay of Bengal
2022,50.94027027027028,Bay of Bengal
2022,74.22027027027028,Bay of Bengal
2022,58.33027027027028,Bay of Bengal
2022,78.23027027027028,Bay of Bengal
2022,47.11027027027028,Bay of Bengal
2022,60.87027027027028,Bay of Bengal
2022,61.78027027027028,Bay of Bengal
2022,79.40027027027028,Bay of Bengal
2023,71.43027027027027,Bay of Bengal
2023,65.56027027027028,Bay of Bengal
2023,77.77027027027027,Bay of Bengal
2023,102.94027027027028,Bay of Bengal
2023,67.38027027027027,Bay of Bengal
2023,76.61027027027028,Bay of Bengal
2023,60.09027027027028,Bay of Bengal
2023,57.87027027027028,Bay of Bengal
2023,41.26027027027028,Bay of Bengal
2023,53.19027027027028,Bay of Bengal
2023,33.190270270270275,Bay of Bengal
2023,51.90027027027028,Bay of Bengal
2023,49.19027027027028,Bay of Bengal
2023,37.80027027027028,Bay of Bengal
2023,70.33027027027028,Bay of Bengal
2023,48.81027027027028,Bay of Bengal
2023,57.47027027027028,Bay of Bengal
2023,61.06027027027028,Bay of Bengal
2023,41.49027027027027,Bay of Bengal
2023,38.10027027027027,Bay of Bengal
2023,32.020270270270274,Bay of Bengal
2023,46.09027027027028,Bay of Bengal
2023,35.17027027027028,Bay of Bengal
2023,22.49027027027028,Bay of Bengal
2023,20.20027027027028,Bay of Bengal
2023,-5.069729729729723,Bay of Bengal
2023,17.790270270270277,Bay of Bengal
2023,-7.389729729729723,Bay of Bengal
2023,27.96027027027027,Bay of Bengal
2023,23.760270270270283,Bay of Bengal
2023,27.70027027027028,Bay of Bengal
2023,33.79027027027027,Bay of Bengal
2023,23.36027027027028,Bay of Bengal
2023,24.71027027027027,Bay of Bengal
2023,16.930270270270277,Bay of Bengal
2023,2.870270270270275,Bay of Bengal
2023,11.21027027027028,Bay of Bengal
2023,-13.029729729729723,Bay of Bengal
2023,14.96027027027028,Bay of Bengal
2023,-3.629729729729725,Bay of Bengal
2023,3.110270270270277,Bay of Bengal
2023,13.080270270270276,Bay of Bengal
2023,-11.689729729729724,Bay of Bengal
2023,-3.2797297297297234,Bay of Bengal
2023,-5.629729729729725,Bay of Bengal
2023,-11.809729729729725,Bay of Bengal
2023,-13.069729729729724,Bay of Bengal
2023,-30.64972972972972,Bay of Bengal
2023,13.24027027027028,Bay of Bengal
2023,-22.799729729729723,Bay of Bengal
2023,6.320270270270278,Bay of Bengal
2023,-30.979729729729723,Bay of Bengal
2023,22.03027027027028,Bay of Bengal
2023,-16.069729729729723,Bay of Bengal
2023,-6.889729729729723,Bay of Bengal
2023,-14.789729729729723,Bay of Bengal
2023,20.47027027027028,Bay of Bengal
2023,-1.179729729729722,Bay of Bengal
2023,-6.069729729729723,Bay of Bengal
2023,-19.039729729729725,Bay of Bengal
2023,-42.769729729729725,Bay of Bengal
2023,-52.59972972972973,Bay of Bengal
2023,-56.64972972972972,Bay of Bengal
2023,-74.67972972972973,Bay of Bengal
2023,-65.05972972972972,Bay of Bengal
2023,-67.73972972972973,Bay of Bengal
2023,-82.47972972972973,Bay of Bengal
2023,-59.98972972972973,Bay of Bengal
2023,-94.89972972972971,Bay of Bengal
2023,-68.86972972972973,Bay of Bengal
2023,-93.07972972972972,Bay of Bengal
2023,-75.08972972972973,Bay of Bengal
2023,-84.28972972972971,Bay of Bengal
2023,-79.88972972972972,Bay of Bengal
2019,53.880810810810814,Sea of Japan
2019,33.990810810810814,Sea of Japan
2019,51.12081081081081,Sea of Japan
2019,52.740810810810814,Sea of Japan
2019,5.960810810810813,Sea of Japan
2019,-53.11918918918919,Sea of Japan
2019,30.38081081081081,Sea of Japan
2019,36.44081081081082,Sea of Japan
2019,26.15081081081081,Sea of Japan
2019,24.99081081081081,Sea of Japan
2019,-0.4291891891891808,Sea of Japan
2019,-10.409189189189185,Sea of Japan
2019,22.07081081081081,Sea of Japan
2019,31.13081081081081,Sea of Japan
2019,6.620810810810816,Sea of Japan
2019,-24.689189189189182,Sea of Japan
2019,-13.839189189189185,Sea of Japan
2019,-9.349189189189184,Sea of Japan
2019,0.9008108108108176,Sea of Japan
2019,-45.18918918918919,Sea of Japan
2019,-21.949189189189184,Sea of Japan
2019,-31.019189189189184,Sea of Japan
2019,-10.979189189189183,Sea of Japan
2019,-37.99918918918918,Sea of Japan
2019,-61.59918918918918,Sea of Japan
2019,-48.79918918918919,Sea of Japan
2019,-56.23918918918918,Sea of Japan
2019,17.01081081081081,Sea of Japan
2019,-30.539189189189184,Sea of Japan
2019,12.450810810810822,Sea of Japan
2019,24.470810810810818,Sea of Japan
2019,18.690810810810817,Sea of Japan
2019,-9.31918918918918,Sea of Japan
2019,-0.939189189189186,Sea of Japan
2019,-22.649189189189187,Sea of Japan
2019,3.250810810810819,Sea of Japan
2019,36.800810810810816,Sea of Japan
2020,70.65081081081081,Sea of Japan
2020,0.2008108108108146,Sea of Japan
2020,11.190810810810817,Sea of Japan
2020,67.01081081081081,Sea of Japan
2020,56.25081081081082,Sea of Japan
2020,10.430810810810812,Sea of Japan
2020,14.06081081081082,Sea of Japan
2020,-15.139189189189182,Sea of Japan
2020,-7.819189189189181,Sea of Japan
2020,10.790810810810813,Sea of Japan
2020,-5.919189189189183,Sea of Japan
2020,-30.639189189189185,Sea of Japan
2020,1.0908108108108152,Sea of Japan
2020,20.49081081081081,Sea of Japan
2020,9.520810810810817,Sea of Japan
2020,52.130810810810814,Sea of Japan
2020,22.800810810810816,Sea of Japan
2020,27.25081081081082,Sea of Japan
2020,-18.659189189189185,Sea of Japan
2020,-5.459189189189182,Sea of Japan
2020,-13.259189189189186,Sea of Japan
2020,-17.92918918918918,Sea of Japan
2020,-19.199189189189184,Sea of Japan
2020,39.48081081081082,Sea of Japan
2020,37.28081081081082,Sea of Japan
2020,-36.82918918918918,Sea of Japan
2020,-46.379189189189184,Sea of Japan
2020,-24.309189189189183,Sea of Japan
2020,35.22081081081082,Sea of Japan
2020,66.17081081081082,Sea of Japan
2020,58.59081081081082,Sea of Japan
2020,7.590810810810815,Sea of Japan
2020,-16.559189189189183,Sea of Japan
2020,-23.799189189189185,Sea of Japan
2020,19.49081081081081,Sea of Japan
2020,31.52081081081081,Sea of Japan
2020,35.39081081081082,Sea of Japan
2021,21.050810810810816,Sea of Japan
2021,12.270810810810817,Sea of Japan
2021,0.4408108108108166,Sea of Japan
2021,-7.629189189189184,Sea of Japan
2021,5.300810810810816,Sea of Japan
2021,41.69081081081082,Sea of Japan
2021,37.25081081081082,Sea of Japan
2021,34.94081081081082,Sea of Japan
2021,28.25081081081082,Sea of Japan
2021,22.330810810810817,Sea of Japan
2021,30.220810810810818,Sea of Japan
2021,32.67081081081082,Sea of Japan
2021,25.75081081081082,Sea of Japan
2021,-13.379189189189184,Sea of Japan
2021,-6.719189189189187,Sea of Japan
2021,2.520810810810815,Sea of Japan
2021,18.300810810810816,Sea of Japan
2021,24.960810810810813,Sea of Japan
2021,33.85081081081081,Sea of Japan
2021,37.34081081081082,Sea of Japan
2021,32.43081081081081,Sea of Japan
2021,49.10081081081081,Sea of Japan
2021,64.07081081081081,Sea of Japan
2021,32.01081081081081,Sea of Japan
2021,7.440810810810817,Sea of Japan
2021,22.100810810810813,Sea of Japan
2021,18.90081081081081,Sea of Japan
2021,15.080810810810815,Sea of Japan
2021,16.520810810810815,Sea of Japan
2021,28.31081081081082,Sea of Japan
2021,31.690810810810817,Sea of Japan
2021,66.09081081081082,Sea of Japan
2021,49.09081081081082,Sea of Japan
2021,30.03081081081082,Sea of Japan
2021,36.35081081081081,Sea of Japan
2021,10.660810810810815,Sea of Japan
2021,28.76081081081081,Sea of Japan
2021,89.54081081081083,Sea of Japan
2021,101.33081081081082,Sea of Japan
2021,94.7508108108108,Sea of Japan
2021,1.6308108108108144,Sea of Japan
2021,11.03081081081082,Sea of Japan
2021,23.89081081081082,Sea of Japan
2021,-22.31918918918918,Sea of Japan
2021,19.800810810810816,Sea of Japan
2021,7.210810810810813,Sea of Japan
2021,35.95081081081082,Sea of Japan
2021,30.550810810810816,Sea of Japan
2021,74.11081081081082,Sea of Japan
2021,72.5008108108108,Sea of Japan
2021,38.21081081081081,Sea of Japan
2021,32.75081081081082,Sea of Japan
2021,32.20081081081082,Sea of Japan
2021,23.230810810810823,Sea of Japan
2021,18.24081081081081,Sea of Japan
2021,19.04081081081081,Sea of Japan
2021,-18.709189189189185,Sea of Japan
2021,-24.519189189189184,Sea of Japan
2021,18.940810810810817,Sea of Japan
2021,1.2008108108108146,Sea of Japan
2021,-4.709189189189182,Sea of Japan
2021,19.87081081081081,Sea of Japan
2021,27.87081081081081,Sea of Japan
2021,3.910810810810816,Sea of Japan
2021,-7.019189189189184,Sea of Japan
2022,-3.0891891891891845,Sea of Japan
2022,5.300810810810816,Sea of Japan
2022,8.150810810810817,Sea of Japan
2022,55.73081081081082,Sea of Japan
2022,49.71081081081081,Sea of Japan
2022,48.380810810810814,Sea of Japan
2022,57.98081081081082,Sea of Japan
2022,83.01081081081082,Sea of Japan
2022,44.58081081081082,Sea of Japan
2022,7.1708108108108135,Sea of Japan
2022,-1.2891891891891871,Sea of Japan
2022,39.54081081081081,Sea of Japan
2022,39.33081081081082,Sea of Japan
2022,33.01081081081081,Sea of Japan
2022,10.75081081081082,Sea of Japan
2022,-18.629189189189184,Sea of Japan
2022,-12.739189189189185,Sea of Japan
2022,-16.349189189189183,Sea of Japan
2022,-1.479189189189185,Sea of Japan
2022,-10.719189189189189,Sea of Japan
2022,-27.479189189189185,Sea of Japan
2022,-19.509189189189183,Sea of Japan
2022,43.800810810810816,Sea of Japan
2022,56.15081081081081,Sea of Japan
2022,52.47081081081082,Sea of Japan
2022,51.410810810810815,Sea of Japan
2022,17.050810810810816,Sea of Japan
2022,17.470810810810818,Sea of Japan
2022,6.6708108108108135,Sea of Japan
2022,10.130810810810814,Sea of Japan
2022,13.290810810810813,Sea of Japan
2022,23.38081081081081,Sea of Japan
2022,14.070810810810812,Sea of Japan
2022,31.980810810810823,Sea of Japan
2022,3.89081081081082,Sea of Japan
2022,8.820810810810812,Sea of Japan
2022,13.980810810810825,Sea of Japan
2022,30.41081081081081,Sea of Japan
2022,21.550810810810816,Sea of Japan
2022,33.14081081081082,Sea of Japan
2022,0.7508108108108189,Sea of Japan
2022,17.18081081081081,Sea of Japan
2022,14.350810810810811,Sea of Japan
2022,34.03081081081082,Sea of Japan
2022,39.270810810810815,Sea of Japan
2022,26.460810810810813,Sea of Japan
2022,4.940810810810817,Sea of Japan
2022,22.800810810810816,Sea of Japan
2022,51.15081081081081,Sea of Japan
2022,81.23081081081082,Sea of Japan
2022,71.10081081081081,Sea of Japan
2022,42.910810810810815,Sea of Japan
2022,14.37081081081081,Sea of Japan
2022,4.970810810810818,Sea of Japan
2022,39.990810810810814,Sea of Japan
2022,19.63081081081081,Sea of Japan
2022,41.87081081081081,Sea of Japan
2022,23.02081081081081,Sea of Japan
2022,60.14081081081082,Sea of Japan
2022,54.11081081081082,Sea of Japan
2022,52.380810810810814,Sea of Japan
2022,33.76081081081081,Sea of Japan
2022,-20.339189189189185,Sea of Japan
2022,-28.379189189189184,Sea of Japan
2022,-43.30918918918918,Sea of Japan
2022,-55.36918918918919,Sea of Japan
2022,-23.889189189189185,Sea of Japan
2022,-19.56918918918918,Sea of Japan
2023,10.690810810810817,Sea of Japan
2023,16.03081081081082,Sea of Japan
2023,68.41081081081082,Sea of Japan
2023,59.020810810810815,Sea of Japan
2023,69.94081081081082,Sea of Japan
2023,50.06081081081082,Sea of Japan
2023,48.050810810810816,Sea of Japan
2023,39.68081081081081,Sea of Japan
2023,28.15081081081081,Sea of Japan
2023,28.960810810810813,Sea of Japan
2023,29.78081081081082,Sea of Japan
2023,24.70081081081082,Sea of Japan
2023,15.26081081081081,Sea of Japan
2023,16.880810810810814,Sea of Japan
2023,14.90081081081081,Sea of Japan
2023,6.930810810810819,Sea of Japan
2023,-4.269189189189184,Sea of Japan
2023,0.3908108108108195,Sea of Japan
2023,28.50081081081082,Sea of Japan
2023,13.690810810810817,Sea of Japan
2023,17.830810810810817,Sea of Japan
2023,7.560810810810814,Sea of Japan
2023,32.43081081081081,Sea of Japan
2023,20.38081081081081,Sea of Japan
2023,23.74081081081081,Sea of Japan
2023,12.92081081081082,Sea of Japan
2023,48.81081081081082,Sea of Japan
2023,40.73081081081082,Sea of Japan
2023,45.01081081081081,Sea of Japan
2023,40.94081081081082,Sea of Japan
2023,27.590810810810822,Sea of Japan
2023,47.04081081081081,Sea of Japan
2023,36.31081081081082,Sea of Japan
2023,50.740810810810814,Sea of Japan
2023,49.12081081081081,Sea of Japan
2023,65.05081081081082,Sea of Japan
2023,40.25081081081082,Sea of Japan
2023,43.75081081081082,Sea of Japan
2023,37.160810810810815,Sea of Japan
2023,52.51081081081081,Sea of Japan
2023,19.88081081081081,Sea of Japan
2023,43.71081081081081,Sea of Japan
2023,9.75081081081082,Sea of Japan
2023,39.050810810810816,Sea of Japan
2023,0.8008108108108161,Sea of Japan
2023,0.4808108108108158,Sea of Japan
2023,-40.68918918918919,Sea of Japan
2023,-5.739189189189183,Sea of Japan
2023,18.15081081081081,Sea of Japan
2023,40.03081081081082,Sea of Japan
2023,31.100810810810813,Sea of Japan
2023,67.72081081081082,Sea of Japan
2023,57.53081081081082,Sea of Japan
2023,65.64081081081082,Sea of Japan
2023,53.31081081081082,Sea of Japan
2023,73.57081081081083,Sea of Japan
2023,44.990810810810814,Sea of Japan
2023,52.270810810810815,Sea of Japan
2023,53.86081081081082,Sea of Japan
2023,30.460810810810813,Sea of Japan
2023,47.06081081081082,Sea of Japan
2023,49.86081081081082,Sea of Japan
2023,57.160810810810815,Sea of Japan
2023,22.26081081081081,Sea of Japan
2023,-9.869189189189186,Sea of Japan
2023,-11.939189189189186,Sea of Japan
2023,-28.719189189189184,Sea of Japan
2023,-30.489189189189183,Sea of Japan
2023,-17.479189189189185,Sea of Japan
2023,-12.539189189189187,Sea of Japan
2023,8.78081081081082,Sea of Japan
2023,-8.509189189189186,Sea of Japan
2023,-2.209189189189182,Sea of Japan
2023,-8.639189189189182,Sea of Japan
